[{"model": "contenttypes.contenttype", "pk": 1, "fields": {"app_label": "admin", "model": "logentry"}}, {"model": "contenttypes.contenttype", "pk": 2, "fields": {"app_label": "auth", "model": "permission"}}, {"model": "contenttypes.contenttype", "pk": 3, "fields": {"app_label": "auth", "model": "group"}}, {"model": "contenttypes.contenttype", "pk": 4, "fields": {"app_label": "auth", "model": "user"}}, {"model": "contenttypes.contenttype", "pk": 5, "fields": {"app_label": "contenttypes", "model": "contenttype"}}, {"model": "contenttypes.contenttype", "pk": 6, "fields": {"app_label": "sessions", "model": "session"}}, {"model": "contenttypes.contenttype", "pk": 7, "fields": {"app_label": "core", "model": "userdocuments"}}, {"model": "contenttypes.contenttype", "pk": 8, "fields": {"app_label": "core", "model": "university"}}, {"model": "contenttypes.contenttype", "pk": 9, "fields": {"app_label": "core", "model": "region"}}, {"model": "contenttypes.contenttype", "pk": 10, "fields": {"app_label": "core", "model": "universityemailformats"}}, {"model": "contenttypes.contenttype", "pk": 11, "fields": {"app_label": "core", "model": "student"}}, {"model": "contenttypes.contenttype", "pk": 12, "fields": {"app_label": "core", "model": "businessuser"}}, {"model": "contenttypes.contenttype", "pk": 13, "fields": {"app_label": "core", "model": "business"}}, {"model": "contenttypes.contenttype", "pk": 14, "fields": {"app_label": "core", "model": "businessemailformats"}}, {"model": "contenttypes.contenttype", "pk": 15, "fields": {"app_label": "skills", "model": "skills"}}, {"model": "contenttypes.contenttype", "pk": 16, "fields": {"app_label": "skills", "model": "skillscores"}}, {"model": "contenttypes.contenttype", "pk": 17, "fields": {"app_label": "skills", "model": "skillquestion"}}, {"model": "contenttypes.contenttype", "pk": 18, "fields": {"app_label": "skills", "model": "skillquestionanswers"}}, {"model": "contenttypes.contenttype", "pk": 19, "fields": {"app_label": "skills", "model": "skillquestionansweraction"}}, {"model": "contenttypes.contenttype", "pk": 20, "fields": {"app_label": "skills", "model": "userskillanswers"}}, {"model": "sessions.session", "pk": "2xcfi73k2a5rsr8dyooxk0fnj9xt8s1o", "fields": {"session_data": "NmM1MTA3OWQ3ZTgwNjhlZmEyMjBiYmNjM2JkNmM1MzJlZTAzYzE0MDp7Il9hdXRoX3VzZXJfaGFzaCI6IjRkYTQ3MTVlMDQ3YzU1NjM5MzkyZjE3YWQzNDc1NDVjZWI3MGQ1NTIiLCJfYXV0aF91c2VyX2JhY2tlbmQiOiJkamFuZ28uY29udHJpYi5hdXRoLmJhY2tlbmRzLk1vZGVsQmFja2VuZCIsIl9hdXRoX3VzZXJfaWQiOiIxMyJ9", "expire_date": "2016-06-06T09:22:10.224Z"}}, {"model": "sessions.session", "pk": "4n01snztpeeq37tmc0bf4cavywkj461r", "fields": {"session_data": "NmM1MTA3OWQ3ZTgwNjhlZmEyMjBiYmNjM2JkNmM1MzJlZTAzYzE0MDp7Il9hdXRoX3VzZXJfaGFzaCI6IjRkYTQ3MTVlMDQ3YzU1NjM5MzkyZjE3YWQzNDc1NDVjZWI3MGQ1NTIiLCJfYXV0aF91c2VyX2JhY2tlbmQiOiJkamFuZ28uY29udHJpYi5hdXRoLmJhY2tlbmRzLk1vZGVsQmFja2VuZCIsIl9hdXRoX3VzZXJfaWQiOiIxMyJ9", "expire_date": "2016-05-24T07:38:11.082Z"}}, {"model": "sessions.session", "pk": "6t0jd59pt4fz0b95lit4yw3xpbzesau8", "fields": {"session_data": "ZWFlOGNiZjllODc2MGJkZjg4MTJmNzBlNDQwNjQ0NDQyMzgzN2M4ZTp7Il9hdXRoX3VzZXJfaGFzaCI6ImJmMWNiYThmODgzMjRkNzQ5MDUxY2IyMjAwMTg5MjRjNWIzNTk0MDAiLCJfYXV0aF91c2VyX2JhY2tlbmQiOiJkamFuZ28uY29udHJpYi5hdXRoLmJhY2tlbmRzLk1vZGVsQmFja2VuZCIsIl9hdXRoX3VzZXJfaWQiOiIyMSJ9", "expire_date": "2016-06-20T10:20:15.737Z"}}, {"model": "sessions.session", "pk": "of8atqgbaf5g0q9ch1n271koq0j5wx1l", "fields": {"session_data": "YWZmMDUwNjEyN2VlZjcwMjgzZmFmYjlmYTFjMGZhODg2YjY1YmRiNDp7Il9hdXRoX3VzZXJfaGFzaCI6IjQ1NWJjMDEyZWViZDAzMTZmNzZlZjdkNWM1YjQwNmE4NzYzMDE2MzMiLCJfYXV0aF91c2VyX2JhY2tlbmQiOiJkamFuZ28uY29udHJpYi5hdXRoLmJhY2tlbmRzLk1vZGVsQmFja2VuZCIsIl9hdXRoX3VzZXJfaWQiOiIxOCJ9", "expire_date": "2016-06-10T07:17:31.811Z"}}, {"model": "sessions.session", "pk": "opxmo49st0so7u877bwtljunqk935l09", "fields": {"session_data": "MjU1NzZjY2UyN2UyMGU5MTllMDc2ZjBjYTU4NTcwNDE0ZjljODFhYzp7Il9hdXRoX3VzZXJfaGFzaCI6IjE0MWY0NmI2ZGI0MjgyZGMyMmY4ZWE0Njc4YjczMTY2MTM1ZThiNWIiLCJfYXV0aF91c2VyX2JhY2tlbmQiOiJkamFuZ28uY29udHJpYi5hdXRoLmJhY2tlbmRzLk1vZGVsQmFja2VuZCIsIl9hdXRoX3VzZXJfaWQiOiIxIn0=", "expire_date": "2016-05-10T06:27:22.504Z"}}, {"model": "sessions.session", "pk": "pispq8ez9rbpegi6oev8zof88enn9twr", "fields": {"session_data": "MWJmZmNmNDA4ZWE1YzY0MTY2ODgzYWUyNzdjNzU2NTI4YjlmM2JhZjp7Il9hdXRoX3VzZXJfaGFzaCI6ImYxYWFiOWE2YWE2YWEzNjg5ZDZjOTYxYjAzZjAyMmIyMWU0Njk3YTkiLCJfYXV0aF91c2VyX2JhY2tlbmQiOiJkamFuZ28uY29udHJpYi5hdXRoLmJhY2tlbmRzLk1vZGVsQmFja2VuZCIsIl9hdXRoX3VzZXJfaWQiOiIxIn0=", "expire_date": "2016-04-27T08:53:37.336Z"}}, {"model": "sessions.session", "pk": "r43yrywk79gayhchiu9o79wa6uormjmf", "fields": {"session_data": "ZWFlOGNiZjllODc2MGJkZjg4MTJmNzBlNDQwNjQ0NDQyMzgzN2M4ZTp7Il9hdXRoX3VzZXJfaGFzaCI6ImJmMWNiYThmODgzMjRkNzQ5MDUxY2IyMjAwMTg5MjRjNWIzNTk0MDAiLCJfYXV0aF91c2VyX2JhY2tlbmQiOiJkamFuZ28uY29udHJpYi5hdXRoLmJhY2tlbmRzLk1vZGVsQmFja2VuZCIsIl9hdXRoX3VzZXJfaWQiOiIyMSJ9", "expire_date": "2016-06-21T08:49:45.720Z"}}, {"model": "sessions.session", "pk": "x3wadtdf717vdjixbxjuph9ca9ylvck0", "fields": {"session_data": "MTM3MTgyMDcyMTk4ZTczNDJhYjA4NTE3MmE0YjkzODRmZDU3MWFjZTp7Il9hdXRoX3VzZXJfaGFzaCI6IjJiNWIzZDVhZGNiOGQwMGE0NzdmMDQ3OGMwYzE5Y2E4NmI1NmE2MDAiLCJfYXV0aF91c2VyX2lkIjoiMiIsIl9hdXRoX3VzZXJfYmFja2VuZCI6ImRqYW5nby5jb250cmliLmF1dGguYmFja2VuZHMuTW9kZWxCYWNrZW5kIn0=", "expire_date": "2016-05-04T08:56:17.150Z"}}, {"model": "auth.permission", "pk": 1, "fields": {"name": "Can add log entry", "content_type": 1, "codename": "add_logentry"}}, {"model": "auth.permission", "pk": 2, "fields": {"name": "Can change log entry", "content_type": 1, "codename": "change_logentry"}}, {"model": "auth.permission", "pk": 3, "fields": {"name": "Can delete log entry", "content_type": 1, "codename": "delete_logentry"}}, {"model": "auth.permission", "pk": 4, "fields": {"name": "Can add permission", "content_type": 2, "codename": "add_permission"}}, {"model": "auth.permission", "pk": 5, "fields": {"name": "Can change permission", "content_type": 2, "codename": "change_permission"}}, {"model": "auth.permission", "pk": 6, "fields": {"name": "Can delete permission", "content_type": 2, "codename": "delete_permission"}}, {"model": "auth.permission", "pk": 7, "fields": {"name": "Can add group", "content_type": 3, "codename": "add_group"}}, {"model": "auth.permission", "pk": 8, "fields": {"name": "Can change group", "content_type": 3, "codename": "change_group"}}, {"model": "auth.permission", "pk": 9, "fields": {"name": "Can delete group", "content_type": 3, "codename": "delete_group"}}, {"model": "auth.permission", "pk": 10, "fields": {"name": "Can add user", "content_type": 4, "codename": "add_user"}}, {"model": "auth.permission", "pk": 11, "fields": {"name": "Can change user", "content_type": 4, "codename": "change_user"}}, {"model": "auth.permission", "pk": 12, "fields": {"name": "Can delete user", "content_type": 4, "codename": "delete_user"}}, {"model": "auth.permission", "pk": 13, "fields": {"name": "Can add content type", "content_type": 5, "codename": "add_contenttype"}}, {"model": "auth.permission", "pk": 14, "fields": {"name": "Can change content type", "content_type": 5, "codename": "change_contenttype"}}, {"model": "auth.permission", "pk": 15, "fields": {"name": "Can delete content type", "content_type": 5, "codename": "delete_contenttype"}}, {"model": "auth.permission", "pk": 16, "fields": {"name": "Can add session", "content_type": 6, "codename": "add_session"}}, {"model": "auth.permission", "pk": 17, "fields": {"name": "Can change session", "content_type": 6, "codename": "change_session"}}, {"model": "auth.permission", "pk": 18, "fields": {"name": "Can delete session", "content_type": 6, "codename": "delete_session"}}, {"model": "auth.permission", "pk": 19, "fields": {"name": "Can add user documents", "content_type": 7, "codename": "add_userdocuments"}}, {"model": "auth.permission", "pk": 20, "fields": {"name": "Can change user documents", "content_type": 7, "codename": "change_userdocuments"}}, {"model": "auth.permission", "pk": 21, "fields": {"name": "Can delete user documents", "content_type": 7, "codename": "delete_userdocuments"}}, {"model": "auth.permission", "pk": 22, "fields": {"name": "Can add university", "content_type": 8, "codename": "add_university"}}, {"model": "auth.permission", "pk": 23, "fields": {"name": "Can change university", "content_type": 8, "codename": "change_university"}}, {"model": "auth.permission", "pk": 24, "fields": {"name": "Can delete university", "content_type": 8, "codename": "delete_university"}}, {"model": "auth.permission", "pk": 25, "fields": {"name": "Can add region", "content_type": 9, "codename": "add_region"}}, {"model": "auth.permission", "pk": 26, "fields": {"name": "Can change region", "content_type": 9, "codename": "change_region"}}, {"model": "auth.permission", "pk": 27, "fields": {"name": "Can delete region", "content_type": 9, "codename": "delete_region"}}, {"model": "auth.permission", "pk": 28, "fields": {"name": "Can add university email formats", "content_type": 10, "codename": "add_universityemailformats"}}, {"model": "auth.permission", "pk": 29, "fields": {"name": "Can change university email formats", "content_type": 10, "codename": "change_universityemailformats"}}, {"model": "auth.permission", "pk": 30, "fields": {"name": "Can delete university email formats", "content_type": 10, "codename": "delete_universityemailformats"}}, {"model": "auth.permission", "pk": 31, "fields": {"name": "Can add student", "content_type": 11, "codename": "add_student"}}, {"model": "auth.permission", "pk": 32, "fields": {"name": "Can change student", "content_type": 11, "codename": "change_student"}}, {"model": "auth.permission", "pk": 33, "fields": {"name": "Can delete student", "content_type": 11, "codename": "delete_student"}}, {"model": "auth.permission", "pk": 34, "fields": {"name": "Can add business user", "content_type": 12, "codename": "add_businessuser"}}, {"model": "auth.permission", "pk": 35, "fields": {"name": "Can change business user", "content_type": 12, "codename": "change_businessuser"}}, {"model": "auth.permission", "pk": 36, "fields": {"name": "Can delete business user", "content_type": 12, "codename": "delete_businessuser"}}, {"model": "auth.permission", "pk": 37, "fields": {"name": "Can add business", "content_type": 13, "codename": "add_business"}}, {"model": "auth.permission", "pk": 38, "fields": {"name": "Can change business", "content_type": 13, "codename": "change_business"}}, {"model": "auth.permission", "pk": 39, "fields": {"name": "Can delete business", "content_type": 13, "codename": "delete_business"}}, {"model": "auth.permission", "pk": 40, "fields": {"name": "Can add business email formats", "content_type": 14, "codename": "add_businessemailformats"}}, {"model": "auth.permission", "pk": 41, "fields": {"name": "Can change business email formats", "content_type": 14, "codename": "change_businessemailformats"}}, {"model": "auth.permission", "pk": 42, "fields": {"name": "Can delete business email formats", "content_type": 14, "codename": "delete_businessemailformats"}}, {"model": "auth.permission", "pk": 43, "fields": {"name": "Can add skills", "content_type": 15, "codename": "add_skills"}}, {"model": "auth.permission", "pk": 44, "fields": {"name": "Can change skills", "content_type": 15, "codename": "change_skills"}}, {"model": "auth.permission", "pk": 45, "fields": {"name": "Can delete skills", "content_type": 15, "codename": "delete_skills"}}, {"model": "auth.permission", "pk": 46, "fields": {"name": "Can add skill scores", "content_type": 16, "codename": "add_skillscores"}}, {"model": "auth.permission", "pk": 47, "fields": {"name": "Can change skill scores", "content_type": 16, "codename": "change_skillscores"}}, {"model": "auth.permission", "pk": 48, "fields": {"name": "Can delete skill scores", "content_type": 16, "codename": "delete_skillscores"}}, {"model": "auth.permission", "pk": 49, "fields": {"name": "Can add skill question", "content_type": 17, "codename": "add_skillquestion"}}, {"model": "auth.permission", "pk": 50, "fields": {"name": "Can change skill question", "content_type": 17, "codename": "change_skillquestion"}}, {"model": "auth.permission", "pk": 51, "fields": {"name": "Can delete skill question", "content_type": 17, "codename": "delete_skillquestion"}}, {"model": "auth.permission", "pk": 52, "fields": {"name": "Can add skill question answers", "content_type": 18, "codename": "add_skillquestionanswers"}}, {"model": "auth.permission", "pk": 53, "fields": {"name": "Can change skill question answers", "content_type": 18, "codename": "change_skillquestionanswers"}}, {"model": "auth.permission", "pk": 54, "fields": {"name": "Can delete skill question answers", "content_type": 18, "codename": "delete_skillquestionanswers"}}, {"model": "auth.permission", "pk": 55, "fields": {"name": "Can add skill question answer action", "content_type": 19, "codename": "add_skillquestionansweraction"}}, {"model": "auth.permission", "pk": 56, "fields": {"name": "Can change skill question answer action", "content_type": 19, "codename": "change_skillquestionansweraction"}}, {"model": "auth.permission", "pk": 57, "fields": {"name": "Can delete skill question answer action", "content_type": 19, "codename": "delete_skillquestionansweraction"}}, {"model": "auth.permission", "pk": 58, "fields": {"name": "Can add user skill answers", "content_type": 20, "codename": "add_userskillanswers"}}, {"model": "auth.permission", "pk": 59, "fields": {"name": "Can change user skill answers", "content_type": 20, "codename": "change_userskillanswers"}}, {"model": "auth.permission", "pk": 60, "fields": {"name": "Can delete user skill answers", "content_type": 20, "codename": "delete_userskillanswers"}}, {"model": "auth.user", "pk": 1, "fields": {"password": "pbkdf2_sha256$24000$93tpoukXghuX$TbyYD3prx2Ti8DxZzgZSTZR/wKaUcJHcDF+uQ77TS8A=", "last_login": "2016-04-26T06:27:22.336Z", "is_superuser": true, "username": "admin", "first_name": "dd", "last_name": "dd", "email": "admin@test.com", "is_staff": true, "is_active": true, "date_joined": "2016-04-13T08:34:26Z", "groups": [], "user_permissions": []}}, {"model": "auth.user", "pk": 4, "fields": {"password": "pbkdf2_sha256$24000$r0a6kHC5apI2$hp9VcnuCPgbosdu/4AMW74/y/lfBUeS0DYilO/Waj84=", "last_login": "2016-05-27T07:16:46.948Z", "is_superuser": true, "username": "marc", "first_name": "", "last_name": "", "email": "marc@willowtreesoftware.com", "is_staff": true, "is_active": true, "date_joined": "2016-04-25T04:20:06.571Z", "groups": [], "user_permissions": []}}, {"model": "auth.user", "pk": 12, "fields": {"password": "pbkdf2_sha256$24000$1iajPAgAWZcU$yY+SkWCsFsxS+r810O9W34m/9khKUec34mAlNm1VRCw=", "last_login": "2016-04-28T04:58:35.181Z", "is_superuser": false, "username": "testbus1", "first_name": "marc", "last_name": "nealer", "email": "testbus1@testbus.com", "is_staff": false, "is_active": true, "date_joined": "2016-04-28T03:26:32.374Z", "groups": [], "user_permissions": []}}, {"model": "auth.user", "pk": 13, "fields": {"password": "pbkdf2_sha256$24000$TGOBno0RHDu5$hAxofCKB3P7qXPLHnKS6YQ54ZLp2biu/EzcVx2jwTng=", "last_login": "2016-05-23T09:22:10.052Z", "is_superuser": false, "username": "teststu1", "first_name": "test", "last_name": "student54", "email": "teststy1@testuni.com", "is_staff": false, "is_active": true, "date_joined": "2016-04-28T05:34:47.563Z", "groups": [], "user_permissions": []}}, {"model": "auth.user", "pk": 14, "fields": {"password": "pbkdf2_sha256$24000$YSg1ZynGZslI$15J+ztGDW94HAx2u181el2rg7gBDpc8dsmZuhuE0bz8=", "last_login": "2016-05-22T06:45:47Z", "is_superuser": false, "username": "marc17", "first_name": "Marc", "last_name": "Nealer", "email": "test@mybus1.com", "is_staff": false, "is_active": true, "date_joined": "2016-04-30T09:53:04Z", "groups": [], "user_permissions": []}}, {"model": "auth.user", "pk": 15, "fields": {"password": "", "last_login": null, "is_superuser": false, "username": "marc18", "first_name": "marc", "last_name": "nealer", "email": "marc@testnewbus.com", "is_staff": false, "is_active": false, "date_joined": "2016-04-30T09:55:54.450Z", "groups": [], "user_permissions": []}}, {"model": "auth.user", "pk": 16, "fields": {"password": "", "last_login": null, "is_superuser": false, "username": "marc19", "first_name": "marc", "last_name": "nealer", "email": "marc@newtestbus.com", "is_staff": false, "is_active": false, "date_joined": "2016-04-30T09:58:42.746Z", "groups": [], "user_permissions": []}}, {"model": "auth.user", "pk": 17, "fields": {"password": "", "last_login": null, "is_superuser": false, "username": "marc20", "first_name": "marc", "last_name": "nealer", "email": "marc@newtestbus.com", "is_staff": false, "is_active": false, "date_joined": "2016-04-30T10:00:05.160Z", "groups": [], "user_permissions": []}}, {"model": "auth.user", "pk": 18, "fields": {"password": "pbkdf2_sha256$24000$v9n8hFisKNBZ$tqnvT9lJJgbiL25pf9Zmv3pbOS5cYK5wzeTfajea0XA=", "last_login": "2016-05-27T07:17:31.471Z", "is_superuser": false, "username": "marc21", "first_name": "Marc", "last_name": "Nealer", "email": "marc@testuni.com", "is_staff": false, "is_active": true, "date_joined": "2016-04-30T10:07:14Z", "groups": [], "user_permissions": []}}, {"model": "auth.user", "pk": 19, "fields": {"password": "pbkdf2_sha256$24000$wOsHUeF2IOrg$K9N81/lexnPnqxcq8f9zZ3o2xJpP1oMC+KMHdTuzN3I=", "last_login": null, "is_superuser": false, "username": "teststudent", "first_name": "", "last_name": "", "email": "", "is_staff": false, "is_active": true, "date_joined": "2016-05-10T06:43:03.802Z", "groups": [], "user_permissions": []}}, {"model": "auth.user", "pk": 20, "fields": {"password": "pbkdf2_sha256$24000$18M0wKVNEPxh$NDxkXMUkVI8IBobRatUUWhLj00rUZFwWu/W3ykwks5k=", "last_login": null, "is_superuser": false, "username": "testbusiness", "first_name": "", "last_name": "", "email": "", "is_staff": false, "is_active": true, "date_joined": "2016-05-10T06:43:27Z", "groups": [], "user_permissions": []}}, {"model": "auth.user", "pk": 21, "fields": {"password": "pbkdf2_sha256$24000$RvBIsyhnwd5B$UYAf+S+6wNjOsTXOwgWSFr/RPalyVZ949p2b9c0ud0U=", "last_login": "2016-06-07T08:49:45.585Z", "is_superuser": true, "username": "doug", "first_name": "", "last_name": "", "email": "dsmith47@nd.edu", "is_staff": true, "is_active": true, "date_joined": "2016-06-02T13:46:37.409Z", "groups": [], "user_permissions": []}}, {"model": "core.userdocuments", "pk": 1, "fields": {"created": "2016-04-28T12:37:39.123Z", "updated": "2016-04-28T12:37:39.123Z", "updated_by": 4, "user": 13, "name": "test document 1", "document": "userdocs/Milestones_for_Promazo.doc"}}, {"model": "core.userdocuments", "pk": 3, "fields": {"created": "2016-04-28T13:24:50.985Z", "updated": "2016-04-28T13:24:50.985Z", "updated_by": null, "user": 13, "name": "trest", "document": "userdocs/askiitians_specs.docx"}}, {"model": "core.userdocuments", "pk": 5, "fields": {"created": "2016-04-28T13:29:18.422Z", "updated": "2016-04-28T13:29:18.422Z", "updated_by": null, "user": 13, "name": "sdfsdfsdf", "document": "userdocs/profilePick.jpg"}}, {"model": "core.university", "pk": 1, "fields": {"created": "2016-04-26T09:30:48.004Z", "updated": "2016-04-30T10:07:16.127Z", "updated_by": 4, "name": "Test Uni", "logo": "", "description": "test UNi", "website": "http://www.test.com", "address": "2 test road", "universityStaff": [4], "universityStudents": [13, 18]}}, {"model": "core.universityemailformats", "pk": 1, "fields": {"created": "2016-04-26T09:31:14.205Z", "updated": "2016-04-26T09:31:14.205Z", "updated_by": 4, "university": 1, "format": "gmail.com"}}, {"model": "core.universityemailformats", "pk": 2, "fields": {"created": "2016-04-28T02:59:37.072Z", "updated": "2016-04-28T05:34:48.139Z", "updated_by": 4, "university": 1, "format": "testuni.com"}}, {"model": "core.student", "pk": 3, "fields": {"created": "2016-04-28T05:34:47.757Z", "updated": "2016-04-28T12:13:51.629Z", "updated_by": 4, "user": 13, "address": "2 wayworth road\r\ntextexiter", "tagline": "Its my life", "description": "please fill in", "avatarImage": "images/avatars/Scanned_Document_OkC3NPJ.jpg"}}, {"model": "core.student", "pk": 4, "fields": {"created": "2016-04-30T10:07:15.785Z", "updated": "2016-05-26T01:10:02.832Z", "updated_by": null, "user": 18, "address": null, "tagline": "", "description": "please fill in", "avatarImage": "images/avatars/2013-01-20_16.20.27.jpg"}}, {"model": "core.businessuser", "pk": 4, "fields": {"created": "2016-04-28T03:26:32.564Z", "updated": "2016-04-28T04:58:12.048Z", "updated_by": 4, "user": 12, "jobTitle": "Mr Boss", "department": "Testing", "tagline": "test and test again", "description": "please fill in", "avatarImage": "images/avatars/profilePick.jpg"}}, {"model": "core.businessuser", "pk": 5, "fields": {"created": "2016-04-30T09:58:42.955Z", "updated": "2016-04-30T09:58:42.955Z", "updated_by": null, "user": 16, "jobTitle": null, "department": null, "tagline": "", "description": "please fill in", "avatarImage": ""}}, {"model": "core.businessuser", "pk": 6, "fields": {"created": "2016-04-30T10:00:05.394Z", "updated": "2016-04-30T10:00:05.394Z", "updated_by": null, "user": 17, "jobTitle": null, "department": null, "tagline": "", "description": "please fill in", "avatarImage": ""}}, {"model": "core.business", "pk": 1, "fields": {"created": "2016-04-13T09:52:59.809Z", "updated": "2016-04-13T09:52:59.809Z", "updated_by": 1, "name": "test business", "address": "test address for business", "description": "business description", "logo": "images/logos/2016-03-26_11.29.18.jpg", "website": "", "staff": [12]}}, {"model": "core.business", "pk": 2, "fields": {"created": "2016-04-30T09:45:03.216Z", "updated": "2016-04-30T09:45:03.216Z", "updated_by": null, "name": "my bus", "address": "", "description": "", "logo": "", "website": null, "staff": []}}, {"model": "core.business", "pk": 3, "fields": {"created": "2016-04-30T09:47:12.391Z", "updated": "2016-04-30T09:47:12.391Z", "updated_by": null, "name": "my bus", "address": "", "description": "", "logo": "", "website": null, "staff": []}}, {"model": "core.business", "pk": 4, "fields": {"created": "2016-04-30T09:55:44.024Z", "updated": "2016-04-30T09:55:44.024Z", "updated_by": null, "name": "my bus", "address": "", "description": "", "logo": "", "website": null, "staff": []}}, {"model": "core.business", "pk": 5, "fields": {"created": "2016-04-30T09:58:32.816Z", "updated": "2016-04-30T09:58:32.816Z", "updated_by": null, "name": "my bus", "address": "", "description": "", "logo": "", "website": null, "staff": []}}, {"model": "core.business", "pk": 6, "fields": {"created": "2016-04-30T09:59:55.768Z", "updated": "2016-04-30T10:00:06.125Z", "updated_by": null, "name": "my bus", "address": "", "description": "", "logo": "", "website": null, "staff": [17]}}, {"model": "core.business", "pk": 7, "fields": {"created": "2016-04-30T10:18:11.312Z", "updated": "2016-04-30T10:18:11.312Z", "updated_by": null, "name": "my bus", "address": "", "description": "", "logo": "", "website": null, "staff": []}}, {"model": "core.business", "pk": 8, "fields": {"created": "2016-04-30T10:20:28.144Z", "updated": "2016-04-30T10:20:28.144Z", "updated_by": null, "name": "my bus", "address": "", "description": "", "logo": "", "website": null, "staff": []}}, {"model": "core.business", "pk": 9, "fields": {"created": "2016-04-30T10:22:16.341Z", "updated": "2016-04-30T10:22:16.341Z", "updated_by": null, "name": "my bus", "address": "", "description": "", "logo": "", "website": null, "staff": []}}, {"model": "core.business", "pk": 10, "fields": {"created": "2016-04-30T10:23:47.304Z", "updated": "2016-04-30T10:23:47.304Z", "updated_by": null, "name": "willys", "address": "", "description": "", "logo": "", "website": null, "staff": []}}, {"model": "core.business", "pk": 11, "fields": {"created": "2016-04-30T10:24:28.459Z", "updated": "2016-04-30T10:24:28.459Z", "updated_by": null, "name": "my bus", "address": "", "description": "", "logo": "", "website": null, "staff": []}}, {"model": "core.businessemailformats", "pk": 1, "fields": {"created": "2016-04-28T02:59:15.907Z", "updated": "2016-04-28T03:26:32.983Z", "updated_by": 4, "business": 1, "format": "testbus.com"}}, {"model": "skills.skills", "pk": 1, "fields": {"created": "2016-05-10T06:39:59.763Z", "updated": "2016-05-10T06:43:58.526Z", "updated_by": 4, "name": "Beathing", "type": "TypeB", "score_type": "1"}}, {"model": "skills.skills", "pk": 2, "fields": {"created": "2016-05-10T06:40:19.877Z", "updated": "2016-05-10T06:40:19.877Z", "updated_by": 4, "name": "testing", "type": "TypeA", "score_type": "1"}}, {"model": "skills.skills", "pk": 3, "fields": {"created": "2016-05-10T06:40:42.684Z", "updated": "2016-05-10T06:40:42.684Z", "updated_by": 4, "name": "Talking", "type": "TypeB", "score_type": "1"}}, {"model": "skills.skills", "pk": 4, "fields": {"created": "2016-05-10T06:41:01.822Z", "updated": "2016-05-10T06:41:01.822Z", "updated_by": 4, "name": "Eating", "type": "TypeA", "score_type": "1"}}, {"model": "skills.skills", "pk": 5, "fields": {"created": "2016-05-10T06:41:20.027Z", "updated": "2016-05-10T06:41:20.027Z", "updated_by": 4, "name": "Smoking", "type": "TypeA", "score_type": "1"}}, {"model": "skills.skills", "pk": 6, "fields": {"created": "2016-05-27T05:55:10.312Z", "updated": "2016-05-27T05:55:10.312Z", "updated_by": 4, "name": "skill1", "type": "TypeA", "score_type": "A"}}, {"model": "skills.skills", "pk": 7, "fields": {"created": "2016-05-27T05:55:29.770Z", "updated": "2016-05-27T05:55:29.770Z", "updated_by": 4, "name": "Skill2", "type": "TypeB", "score_type": "a"}}, {"model": "skills.skills", "pk": 8, "fields": {"created": "2016-05-27T05:55:43.375Z", "updated": "2016-05-27T05:55:43.375Z", "updated_by": 4, "name": "skill3", "type": "TypeB", "score_type": "a"}}, {"model": "skills.skills", "pk": 9, "fields": {"created": "2016-05-27T08:11:22.593Z", "updated": "2016-05-27T08:11:22.593Z", "updated_by": null, "name": "skill4", "type": "TypeB", "score_type": ""}}, {"model": "skills.skills", "pk": 10, "fields": {"created": "2016-05-27T08:13:33.936Z", "updated": "2016-05-27T08:13:33.936Z", "updated_by": null, "name": "skills5", "type": "TypeB", "score_type": ""}}, {"model": "skills.skills", "pk": 11, "fields": {"created": "2016-05-27T08:14:28.171Z", "updated": "2016-05-27T08:14:28.172Z", "updated_by": null, "name": "skill6", "type": "TypeB", "score_type": ""}}, {"model": "skills.skills", "pk": 12, "fields": {"created": "2016-05-27T08:15:15.180Z", "updated": "2016-05-27T08:15:15.180Z", "updated_by": null, "name": "dod", "type": "TypeB", "score_type": ""}}, {"model": "skills.skills", "pk": 13, "fields": {"created": "2016-06-06T05:51:51.796Z", "updated": "2016-06-06T05:51:51.796Z", "updated_by": 21, "name": "Test Skill", "type": "TypeB", "score_type": "1"}}, {"model": "skills.skillscores", "pk": 1, "fields": {"created": "2016-05-10T06:42:10.103Z", "updated": "2016-05-10T07:11:32.533Z", "updated_by": 4, "user": 19, "skill": 4, "score": 26}}, {"model": "skills.skillscores", "pk": 2, "fields": {"created": "2016-05-10T06:42:28.671Z", "updated": "2016-05-10T07:11:19.851Z", "updated_by": 4, "user": 19, "skill": 3, "score": 14}}, {"model": "skills.skillscores", "pk": 3, "fields": {"created": "2016-05-27T07:17:16.220Z", "updated": "2016-05-27T07:17:16.220Z", "updated_by": 4, "user": 18, "skill": 1, "score": 0}}, {"model": "skills.skillscores", "pk": 4, "fields": {"created": "2016-05-27T08:11:22.784Z", "updated": "2016-05-27T08:11:22.784Z", "updated_by": null, "user": 18, "skill": 9, "score": 0}}, {"model": "skills.skillscores", "pk": 5, "fields": {"created": "2016-05-27T08:13:34.228Z", "updated": "2016-05-27T08:13:34.228Z", "updated_by": null, "user": 18, "skill": 10, "score": 0}}, {"model": "skills.skillscores", "pk": 6, "fields": {"created": "2016-05-27T08:14:28.364Z", "updated": "2016-05-27T08:14:28.364Z", "updated_by": null, "user": 18, "skill": 11, "score": 0}}, {"model": "skills.skillscores", "pk": 7, "fields": {"created": "2016-05-27T08:15:16.023Z", "updated": "2016-05-27T08:15:16.024Z", "updated_by": null, "user": 18, "skill": 12, "score": 0}}, {"model": "skills.skillscores", "pk": 8, "fields": {"created": "2016-05-27T08:38:16.573Z", "updated": "2016-05-27T08:38:16.573Z", "updated_by": null, "user": 18, "skill": 6, "score": 0}}, {"model": "skills.skillscores", "pk": 9, "fields": {"created": "2016-05-27T08:38:28.526Z", "updated": "2016-05-27T08:38:28.526Z", "updated_by": null, "user": 18, "skill": 4, "score": 0}}, {"model": "skills.skillquestion", "pk": 1, "fields": {"created": "2016-05-10T06:14:56.014Z", "updated": "2016-05-10T06:46:20.112Z", "updated_by": 4, "question": "what sort of question is this?"}}, {"model": "skills.skillquestion", "pk": 2, "fields": {"created": "2016-05-10T07:24:47.776Z", "updated": "2016-05-10T07:24:47.776Z", "updated_by": 4, "question": "is This a question"}}, {"model": "skills.skillquestionanswers", "pk": 1, "fields": {"created": "2016-05-10T06:14:56.016Z", "updated": "2016-05-10T06:46:20.115Z", "updated_by": 4, "question": 1, "Answer": "test"}}, {"model": "skills.skillquestionanswers", "pk": 2, "fields": {"created": "2016-05-10T06:14:56.017Z", "updated": "2016-05-10T06:46:20.116Z", "updated_by": 4, "question": 1, "Answer": "not a test"}}, {"model": "skills.skillquestionanswers", "pk": 3, "fields": {"created": "2016-05-10T07:24:47.780Z", "updated": "2016-05-10T07:24:47.780Z", "updated_by": 4, "question": 2, "Answer": "yes"}}, {"model": "skills.skillquestionanswers", "pk": 4, "fields": {"created": "2016-05-10T07:24:47.782Z", "updated": "2016-05-10T07:24:47.782Z", "updated_by": 4, "question": 2, "Answer": "no"}}, {"model": "skills.skillquestionansweraction", "pk": 1, "fields": {"created": "2016-05-10T06:46:20.118Z", "updated": "2016-05-10T06:46:20.119Z", "updated_by": 4, "answer": 1, "skill": 1, "ChangeToScore": 12}}, {"model": "skills.skillquestionansweraction", "pk": 2, "fields": {"created": "2016-05-10T07:24:47.785Z", "updated": "2016-05-10T07:24:47.785Z", "updated_by": 4, "answer": 3, "skill": 1, "ChangeToScore": 10}}, {"model": "skills.userskillanswers", "pk": 1, "fields": {"user": 19, "answer": 1, "created": "2016-05-10T06:46:42.621Z"}}, {"model": "admin.logentry", "pk": 1, "fields": {"action_time": "2016-04-13T09:10:48.827Z", "user": 1, "content_type": 11, "object_id": "1", "object_repr": "admin()", "action_flag": 1, "change_message": "Added."}}, {"model": "admin.logentry", "pk": 2, "fields": {"action_time": "2016-04-13T09:15:31.202Z", "user": 1, "content_type": 11, "object_id": "1", "object_repr": "admin()", "action_flag": 3, "change_message": ""}}, {"model": "admin.logentry", "pk": 3, "fields": {"action_time": "2016-04-13T09:16:48.762Z", "user": 1, "content_type": 4, "object_id": "2", "object_repr": "testadmin", "action_flag": 1, "change_message": "Added."}}, {"model": "admin.logentry", "pk": 4, "fields": {"action_time": "2016-04-13T09:17:03.549Z", "user": 1, "content_type": 4, "object_id": "3", "object_repr": "teststudent", "action_flag": 1, "change_message": "Added."}}, {"model": "admin.logentry", "pk": 5, "fields": {"action_time": "2016-04-13T09:17:31.981Z", "user": 1, "content_type": 4, "object_id": "3", "object_repr": "teststudent", "action_flag": 2, "change_message": "Changed first_name, last_name and email."}}, {"model": "admin.logentry", "pk": 6, "fields": {"action_time": "2016-04-13T09:17:53.567Z", "user": 1, "content_type": 4, "object_id": "2", "object_repr": "testadmin", "action_flag": 2, "change_message": "Changed first_name, last_name and email."}}, {"model": "admin.logentry", "pk": 7, "fields": {"action_time": "2016-04-13T09:50:53.901Z", "user": 1, "content_type": 4, "object_id": "2", "object_repr": "testbusiness", "action_flag": 2, "change_message": "Changed username, last_name and email."}}, {"model": "admin.logentry", "pk": 8, "fields": {"action_time": "2016-04-13T09:51:53.560Z", "user": 1, "content_type": 11, "object_id": "2", "object_repr": "teststudent(test student)", "action_flag": 1, "change_message": "Added."}}, {"model": "admin.logentry", "pk": 9, "fields": {"action_time": "2016-04-13T09:52:59.820Z", "user": 1, "content_type": 13, "object_id": "1", "object_repr": "test business", "action_flag": 1, "change_message": "Added."}}, {"model": "admin.logentry", "pk": 10, "fields": {"action_time": "2016-04-13T09:53:52.305Z", "user": 1, "content_type": 12, "object_id": "1", "object_repr": "BusinessUser object", "action_flag": 1, "change_message": "Added."}}, {"model": "admin.logentry", "pk": 11, "fields": {"action_time": "2016-04-25T04:21:28.615Z", "user": 4, "content_type": 4, "object_id": "1", "object_repr": "admin", "action_flag": 2, "change_message": "Changed password."}}, {"model": "admin.logentry", "pk": 12, "fields": {"action_time": "2016-04-26T05:52:20.385Z", "user": 4, "content_type": 4, "object_id": "5", "object_repr": "test24", "action_flag": 1, "change_message": "Added."}}, {"model": "admin.logentry", "pk": 13, "fields": {"action_time": "2016-04-26T05:53:07.237Z", "user": 4, "content_type": 4, "object_id": "1", "object_repr": "admin", "action_flag": 2, "change_message": "Changed first_name and last_name."}}, {"model": "admin.logentry", "pk": 14, "fields": {"action_time": "2016-04-26T09:30:48.010Z", "user": 4, "content_type": 8, "object_id": "1", "object_repr": "Test Uni", "action_flag": 1, "change_message": "Added."}}, {"model": "admin.logentry", "pk": 15, "fields": {"action_time": "2016-04-26T09:31:14.207Z", "user": 4, "content_type": 10, "object_id": "1", "object_repr": "gmail.com", "action_flag": 1, "change_message": "Added."}}, {"model": "admin.logentry", "pk": 16, "fields": {"action_time": "2016-04-28T02:59:15.908Z", "user": 4, "content_type": 14, "object_id": "1", "object_repr": "testbusiness.com", "action_flag": 1, "change_message": "Added."}}, {"model": "admin.logentry", "pk": 17, "fields": {"action_time": "2016-04-28T02:59:37.073Z", "user": 4, "content_type": 10, "object_id": "2", "object_repr": "testuni.com", "action_flag": 1, "change_message": "Added."}}, {"model": "admin.logentry", "pk": 18, "fields": {"action_time": "2016-04-28T02:59:53.336Z", "user": 4, "content_type": 14, "object_id": "1", "object_repr": "testbus.com", "action_flag": 2, "change_message": "Changed format."}}, {"model": "admin.logentry", "pk": 19, "fields": {"action_time": "2016-04-28T03:07:53.782Z", "user": 4, "content_type": 4, "object_id": "6", "object_repr": "marc16", "action_flag": 3, "change_message": ""}}, {"model": "admin.logentry", "pk": 20, "fields": {"action_time": "2016-04-28T03:07:53.958Z", "user": 4, "content_type": 4, "object_id": "7", "object_repr": "marc17", "action_flag": 3, "change_message": ""}}, {"model": "admin.logentry", "pk": 21, "fields": {"action_time": "2016-04-28T03:07:54.136Z", "user": 4, "content_type": 4, "object_id": "8", "object_repr": "marc19", "action_flag": 3, "change_message": ""}}, {"model": "admin.logentry", "pk": 22, "fields": {"action_time": "2016-04-28T03:07:54.304Z", "user": 4, "content_type": 4, "object_id": "5", "object_repr": "test24", "action_flag": 3, "change_message": ""}}, {"model": "admin.logentry", "pk": 23, "fields": {"action_time": "2016-04-28T03:07:54.484Z", "user": 4, "content_type": 4, "object_id": "10", "object_repr": "testbus1", "action_flag": 3, "change_message": ""}}, {"model": "admin.logentry", "pk": 24, "fields": {"action_time": "2016-04-28T03:07:54.661Z", "user": 4, "content_type": 4, "object_id": "2", "object_repr": "testbusiness", "action_flag": 3, "change_message": ""}}, {"model": "admin.logentry", "pk": 25, "fields": {"action_time": "2016-04-28T03:07:54.852Z", "user": 4, "content_type": 4, "object_id": "9", "object_repr": "testbusiness1", "action_flag": 3, "change_message": ""}}, {"model": "admin.logentry", "pk": 26, "fields": {"action_time": "2016-04-28T03:07:55.043Z", "user": 4, "content_type": 4, "object_id": "3", "object_repr": "teststudent", "action_flag": 3, "change_message": ""}}, {"model": "admin.logentry", "pk": 27, "fields": {"action_time": "2016-04-28T03:25:04.813Z", "user": 4, "content_type": 12, "object_id": "3", "object_repr": "testbus1", "action_flag": 3, "change_message": ""}}, {"model": "admin.logentry", "pk": 28, "fields": {"action_time": "2016-04-28T03:25:18.634Z", "user": 4, "content_type": 4, "object_id": "11", "object_repr": "testbus1", "action_flag": 3, "change_message": ""}}, {"model": "admin.logentry", "pk": 29, "fields": {"action_time": "2016-04-28T04:58:12.082Z", "user": 4, "content_type": 12, "object_id": "4", "object_repr": "testbus1", "action_flag": 2, "change_message": "Changed updated_by, jobTitle, department, tagline, avatarImage and settings."}}, {"model": "admin.logentry", "pk": 30, "fields": {"action_time": "2016-04-28T10:16:57.411Z", "user": 4, "content_type": 11, "object_id": "3", "object_repr": "teststu1(test student54)", "action_flag": 2, "change_message": "Changed updated_by, address, avatarImage and settings."}}, {"model": "admin.logentry", "pk": 31, "fields": {"action_time": "2016-04-28T12:37:39.178Z", "user": 4, "content_type": 7, "object_id": "1", "object_repr": "test document 1", "action_flag": 1, "change_message": "Added."}}, {"model": "admin.logentry", "pk": 32, "fields": {"action_time": "2016-04-28T13:05:13.780Z", "user": 4, "content_type": 7, "object_id": "2", "object_repr": "test", "action_flag": 3, "change_message": ""}}, {"model": "admin.logentry", "pk": 33, "fields": {"action_time": "2016-05-10T06:14:56.018Z", "user": 4, "content_type": 17, "object_id": "1", "object_repr": "skillQuestion object", "action_flag": 1, "change_message": "Added. Added skill question answers \"skillQuestionAnswers object\". Added skill question answers \"skillQuestionAnswers object\"."}}, {"model": "admin.logentry", "pk": 34, "fields": {"action_time": "2016-05-10T06:39:59.765Z", "user": 4, "content_type": 15, "object_id": "1", "object_repr": "beathing", "action_flag": 1, "change_message": "Added."}}, {"model": "admin.logentry", "pk": 35, "fields": {"action_time": "2016-05-10T06:40:19.878Z", "user": 4, "content_type": 15, "object_id": "2", "object_repr": "testing", "action_flag": 1, "change_message": "Added."}}, {"model": "admin.logentry", "pk": 36, "fields": {"action_time": "2016-05-10T06:40:42.685Z", "user": 4, "content_type": 15, "object_id": "3", "object_repr": "Talking", "action_flag": 1, "change_message": "Added."}}, {"model": "admin.logentry", "pk": 37, "fields": {"action_time": "2016-05-10T06:41:01.824Z", "user": 4, "content_type": 15, "object_id": "4", "object_repr": "Eating", "action_flag": 1, "change_message": "Added."}}, {"model": "admin.logentry", "pk": 38, "fields": {"action_time": "2016-05-10T06:41:20.030Z", "user": 4, "content_type": 15, "object_id": "5", "object_repr": "Smoking", "action_flag": 1, "change_message": "Added."}}, {"model": "admin.logentry", "pk": 39, "fields": {"action_time": "2016-05-10T06:42:10.104Z", "user": 4, "content_type": 16, "object_id": "1", "object_repr": "teststu1 - Eating", "action_flag": 1, "change_message": "Added."}}, {"model": "admin.logentry", "pk": 40, "fields": {"action_time": "2016-05-10T06:42:28.672Z", "user": 4, "content_type": 16, "object_id": "2", "object_repr": "teststu1 - Talking", "action_flag": 1, "change_message": "Added."}}, {"model": "admin.logentry", "pk": 41, "fields": {"action_time": "2016-05-10T06:43:03.937Z", "user": 4, "content_type": 4, "object_id": "19", "object_repr": "teststudent", "action_flag": 1, "change_message": "Added."}}, {"model": "admin.logentry", "pk": 42, "fields": {"action_time": "2016-05-10T06:43:28.143Z", "user": 4, "content_type": 4, "object_id": "20", "object_repr": "testbusiness", "action_flag": 1, "change_message": "Added."}}, {"model": "admin.logentry", "pk": 43, "fields": {"action_time": "2016-05-10T06:43:35.545Z", "user": 4, "content_type": 4, "object_id": "20", "object_repr": "testbusiness", "action_flag": 2, "change_message": "No fields changed."}}, {"model": "admin.logentry", "pk": 44, "fields": {"action_time": "2016-05-10T06:43:58.528Z", "user": 4, "content_type": 15, "object_id": "1", "object_repr": "Beathing", "action_flag": 2, "change_message": "Changed name."}}, {"model": "admin.logentry", "pk": 45, "fields": {"action_time": "2016-05-10T06:46:20.124Z", "user": 4, "content_type": 17, "object_id": "1", "object_repr": "skillQuestion object", "action_flag": 2, "change_message": "Changed  for skill question answers \"skillQuestionAnswers object\". Changed  for skill question answers \"skillQuestionAnswers object\". Added skill question answer action \"skillQuestionAnswerAction object\"."}}, {"model": "admin.logentry", "pk": 46, "fields": {"action_time": "2016-05-10T06:46:42.624Z", "user": 4, "content_type": 20, "object_id": "1", "object_repr": "userSkillAnswers object", "action_flag": 1, "change_message": "Added."}}, {"model": "admin.logentry", "pk": 47, "fields": {"action_time": "2016-05-10T07:11:19.854Z", "user": 4, "content_type": 16, "object_id": "2", "object_repr": "teststudent - Talking", "action_flag": 2, "change_message": "Changed user."}}, {"model": "admin.logentry", "pk": 48, "fields": {"action_time": "2016-05-10T07:11:32.534Z", "user": 4, "content_type": 16, "object_id": "1", "object_repr": "teststudent - Eating", "action_flag": 2, "change_message": "Changed user."}}, {"model": "admin.logentry", "pk": 49, "fields": {"action_time": "2016-05-10T07:24:47.788Z", "user": 4, "content_type": 17, "object_id": "2", "object_repr": "skillQuestion object", "action_flag": 1, "change_message": "Added. Added skill question answers \"skillQuestionAnswers object\". Added skill question answers \"skillQuestionAnswers object\". Added skill question answer action \"skillQuestionAnswerAction object\"."}}, {"model": "admin.logentry", "pk": 50, "fields": {"action_time": "2016-05-22T06:31:19.112Z", "user": 4, "content_type": 4, "object_id": "14", "object_repr": "marc17", "action_flag": 2, "change_message": "Changed password."}}, {"model": "admin.logentry", "pk": 51, "fields": {"action_time": "2016-05-22T06:32:26.559Z", "user": 4, "content_type": 4, "object_id": "14", "object_repr": "marc17", "action_flag": 2, "change_message": "Changed password."}}, {"model": "admin.logentry", "pk": 52, "fields": {"action_time": "2016-05-25T06:59:20.601Z", "user": 4, "content_type": 4, "object_id": "18", "object_repr": "marc21", "action_flag": 2, "change_message": "Changed password."}}, {"model": "admin.logentry", "pk": 53, "fields": {"action_time": "2016-05-25T07:17:54.795Z", "user": 4, "content_type": 4, "object_id": "14", "object_repr": "marc17", "action_flag": 2, "change_message": "Changed is_active."}}, {"model": "admin.logentry", "pk": 54, "fields": {"action_time": "2016-05-25T07:18:47.096Z", "user": 4, "content_type": 4, "object_id": "18", "object_repr": "marc21", "action_flag": 2, "change_message": "Changed is_active."}}, {"model": "admin.logentry", "pk": 55, "fields": {"action_time": "2016-05-25T07:20:22.138Z", "user": 4, "content_type": 4, "object_id": "18", "object_repr": "marc21", "action_flag": 2, "change_message": "Changed is_active."}}, {"model": "admin.logentry", "pk": 56, "fields": {"action_time": "2016-05-25T07:21:00.139Z", "user": 4, "content_type": 4, "object_id": "18", "object_repr": "marc21", "action_flag": 2, "change_message": "Changed is_active."}}, {"model": "admin.logentry", "pk": 57, "fields": {"action_time": "2016-05-27T05:55:10.313Z", "user": 4, "content_type": 15, "object_id": "6", "object_repr": "skill1", "action_flag": 1, "change_message": "Added."}}, {"model": "admin.logentry", "pk": 58, "fields": {"action_time": "2016-05-27T05:55:29.771Z", "user": 4, "content_type": 15, "object_id": "7", "object_repr": "Skill2", "action_flag": 1, "change_message": "Added."}}, {"model": "admin.logentry", "pk": 59, "fields": {"action_time": "2016-05-27T05:55:43.375Z", "user": 4, "content_type": 15, "object_id": "8", "object_repr": "skill3", "action_flag": 1, "change_message": "Added."}}, {"model": "admin.logentry", "pk": 60, "fields": {"action_time": "2016-05-27T07:17:16.221Z", "user": 4, "content_type": 16, "object_id": "3", "object_repr": "marc21 - Beathing", "action_flag": 1, "change_message": "Added."}}, {"model": "admin.logentry", "pk": 61, "fields": {"action_time": "2016-06-06T05:51:51.797Z", "user": 21, "content_type": 15, "object_id": "13", "object_repr": "Test Skill", "action_flag": 1, "change_message": "Added."}}]